index,settings,build_seconds,memory_mb,p50_ms,p95_ms,qps,recall@10,candidate_fraction,category_precision@10,tables,bits,radius,M,ef_search
brute-force,-,0.004858166008489206,58.94144,0.8617710118414834,0.989486901380587,1149.4441436394347,1.0,1.0,0.8578,,,,,
lsh,tables=4 bits=10 radius=0,0.016133541997987777,60.86528,0.1448130060452968,0.28155658656032756,6250.118431960305,0.267,0.021607713690062542,0.6405,4,10,0,,
lsh,tables=4 bits=10 radius=1,0.016301166004268453,60.86528,0.9147500095423311,1.5555368270725012,1045.6025918485582,0.7037,0.15453266157053508,0.8296,4,10,1,,
lsh,tables=4 bits=14 radius=0,0.01679245798732154,60.898048,0.046041503082960844,0.07554519979748875,20355.189546660913,0.1174,0.002810806115357887,0.3879,4,14,0,,
lsh,tables=4 bits=14 radius=1,0.01668558400706388,60.898048,0.20358350593596697,0.4212951855151914,4487.311838426789,0.4254,0.02775868658790827,0.74,4,14,1,,
lsh,tables=4 bits=18 radius=0,0.017187499994179234,60.930816,0.029458999051712453,0.034333052462898195,34040.77791291334,0.0447,0.00033356497567755384,0.1557,4,18,0,,
lsh,tables=4 bits=18 radius=1,0.017153583001345396,60.930816,0.062437509768642485,0.09309645392931996,15322.446106051613,0.2071,0.0039850590687977765,0.5307,4,18,1,,
lsh,tables=8 bits=10 radius=0,0.027516917005414143,62.78912,0.34941700869239867,0.6378142483299597,2750.449933448955,0.4723,0.05451754690757471,0.7722,8,10,0,,
lsh,tables=8 bits=10 radius=1,0.02724783300072886,62.78912,1.88079199870117,2.5309288554126397,538.0487087446147,0.901,0.33323036831132735,0.8516,8,10,1,,
lsh,tables=8 bits=14 radius=0,0.02838320899172686,62.854656,0.07843750063329935,0.12596635206136853,12072.700824610149,0.2164,0.007335128561501042,0.5691,8,14,0,,
lsh,tables=8 bits=14 radius=1,0.02835066700936295,62.854656,0.41706250340212137,0.7526541987317614,2292.8783146675696,0.6403,0.06652032661570535,0.811,8,14,1,,
lsh,tables=8 bits=18 radius=0,0.02930870800628327,62.920192,0.04289600474294275,0.05137501284480095,23142.016648470646,0.0948,0.0007366226546212648,0.2848,8,18,0,,
lsh,tables=8 bits=18 radius=1,0.029183790989918634,62.920192,0.11245851055718958,0.16373719845432785,8622.066364812115,0.3701,0.008778839471855456,0.6928,8,18,1,,
lsh,tables=16 bits=10 radius=0,0.049522792018251494,66.6368,0.6675000040559098,1.0536059431615286,1501.9844965869047,0.6793,0.09534451007644197,0.8255,16,10,0,,
lsh,tables=16 bits=10 radius=1,0.04959562502335757,66.6368,2.727125000092201,3.319447884859983,368.6465727354494,0.9777,0.5136525364836693,0.8552,16,10,1,,
lsh,tables=16 bits=14 radius=0,0.05145987498690374,66.767872,0.1321875024586916,0.1941794907907024,7348.178701343012,0.3499,0.012006601806810286,0.6969,16,14,0,,
lsh,tables=16 bits=14 radius=1,0.051243584020994604,66.767872,0.7305414910661057,1.1834502874989994,1295.943502334999,0.8126,0.10916799861014594,0.8394,16,14,1,,
lsh,tables=16 bits=18 radius=0,0.053421083983266726,66.898944,0.0659369834465906,0.08321219647768885,14734.166147621409,0.1799,0.0019219944405837385,0.463,16,18,0,,
lsh,tables=16 bits=18 radius=1,0.053475875000003725,66.898944,0.2380619989708066,0.3566794781363569,4070.6124317416625,0.5737,0.02139662960389159,0.7806,16,18,1,,
lsh,tables=32 bits=10 radius=0,0.09484570799395442,74.33216,1.0819375020219013,1.5753375046188012,907.4092509865063,0.8408,0.16288116747741488,0.8462,32,10,0,,
lsh,tables=32 bits=10 radius=1,0.09405841602711007,74.33216,3.5795625153696164,3.9925080418470316,279.8083968396457,0.9965,0.7170948575399584,0.8577,32,10,1,,
lsh,tables=32 bits=14 radius=0,0.0979676250135526,74.594304,0.2603965112939477,0.38424788654083375,3727.785498063574,0.541,0.0250135510771369,0.7787,32,14,0,,
lsh,tables=32 bits=14 radius=1,0.09828770798048936,74.594304,1.386458010529168,1.984491704206448,704.5293206037662,0.929,0.20806254343293953,0.8522,32,14,1,,
lsh,tables=32 bits=18 radius=0,0.1021092500013765,74.856448,0.11924999125767499,0.14879819500492886,8202.64993871262,0.306,0.00401997915218902,0.6118,32,18,0,,
lsh,tables=32 bits=18 radius=1,0.10227941599441692,74.856448,0.4946039989590645,0.7279747151187621,1984.7519729119292,0.7443,0.043454829742877,0.8216,32,18,1,,
hnsw,M=8 ef_search=10,1.8155969170038588,61.392832,0.042832980398088694,0.06525420176330954,22338.82842183448,0.875,nan,0.8435,,,,8,10
hnsw,M=8 ef_search=20,1.8155969170038588,61.392832,0.05622899334412068,0.08439170196652411,16947.623234469695,0.9501,nan,0.8539,,,,8,20
hnsw,M=8 ef_search=40,1.8155969170038588,61.392832,0.0830000062705949,0.1233351111295633,11596.438359846656,0.9813,nan,0.8582,,,,8,40
hnsw,M=8 ef_search=80,1.8155969170038588,61.392832,0.13124999532010406,0.195502104179468,7364.576222632776,0.994,nan,0.8589,,,,8,80
hnsw,M=8 ef_search=160,1.8155969170038588,61.392832,0.24022899742703885,0.339046138105914,4151.575899252641,0.9983,nan,0.8581,,,,8,160
hnsw,M=16 ef_search=10,2.3927505419997033,63.219476,0.05852049798704684,0.08789169951342045,16484.417806949128,0.9291,nan,0.8578,,,,16,10
hnsw,M=16 ef_search=20,2.3927505419997033,63.219476,0.08062500273808837,0.12066456547472622,12009.582187243119,0.9745,nan,0.8602,,,,16,20
hnsw,M=16 ef_search=40,2.3927505419997033,63.219476,0.12087498907931149,0.18397465610178185,8010.808830717262,0.9932,nan,0.8592,,,,16,40
hnsw,M=16 ef_search=80,2.3927505419997033,63.219476,0.19966599938925356,0.30411844054469833,4931.262686813058,0.9984,nan,0.8581,,,,16,80
hnsw,M=16 ef_search=160,2.3927505419997033,63.219476,0.3555835137376562,0.5203139589866623,2810.03381569983,0.9996,nan,0.8579,,,,16,160
hnsw,M=32 ef_search=10,2.592231416987488,66.892984,0.07324999023694545,0.11763752117985858,13006.36200935192,0.9469,nan,0.8607,,,,32,10
hnsw,M=32 ef_search=20,2.592231416987488,66.892984,0.09904149919748306,0.1660146124777384,9515.70758706486,0.9834,nan,0.8605,,,,32,20
hnsw,M=32 ef_search=40,2.592231416987488,66.892984,0.14425048721022904,0.2534232538891956,6486.757101285004,0.9958,nan,0.8587,,,,32,40
hnsw,M=32 ef_search=80,2.592231416987488,66.892984,0.23627100745216012,0.3980556328315288,4080.1795917404484,0.9989,nan,0.858,,,,32,80
hnsw,M=32 ef_search=160,2.592231416987488,66.892984,0.43279200326651335,0.6694545008940622,2314.4509657455974,0.9999,nan,0.8579,,,,32,160
